links,公司名称,公司类型,内推码,备注,岗位(专业/岗位投递误区?(可点击)),工作地点,所属行业(新增),投递截止,投递进度,招聘公告,招聘对象,招聘类型,更新时间,相关链接
"[{'text': '投递', 'href': 'https://hairobotics.zhiye.com/campus'}, {'text': '公告', 'href': 'https://mp.weixin.qq.com/s/BXq54YcGyE5yBwdbspkXOA'}]",海柔创新,民企,-,-,运控算法工程师 感知算法工程师 运筹优化算法工程师 机械工程师 电气工程师 电机应用工程师 减速机应用工程师 硬件（本身）测试工程师 工艺工程师 嵌入式工程师 产品规划工程师 产品经理 Java开发工程师 软件测试工程师 软件测试开发工程师 战略分析岗 数据分析岗 产品市场岗（OP/BD/SE/区域） 交付运营岗（中/日区域） 项目助理（中/日区域） 销售助理（中/日区域） 解决方案岗（中/日区域 / 战略大客户 / 集成设备方向） 技术支持工程师（中/美/澳/韩/新区域） UI/UX设计 品牌设计 ID工业设计 采购工程师 物料计划工程师 国际物流工程师 供应商质量工程师 采购跟单 财务岗 人力资源岗,"北京,上海,苏州,盐城,杭州,厦门,青岛,武汉,广州,深圳,东莞,香港,海外",科技,招满为止,未开始,公告,2026届,秋招,2025-09-04,投递
"[{'text': '投递', 'href': 'https://mp.weixin.qq.com/s/_V50vMDZS0Lin-zShkqGWw'}, {'text': '公告', 'href': 'https://mp.weixin.qq.com/s/_V50vMDZS0Lin-zShkqGWw'}]",四川天奥空天信息技术有限公司,央国企,-,-,技术研发岗,成都,"科技,国企",招满为止,未开始,公告,2026届,秋招,2025-09-04,投递
"[{'text': '投递', 'href': 'https://qr61.cn/ooqm3s/qUjJrnr'}, {'text': '公告', 'href': 'https://mp.weixin.qq.com/s/-a9yHMc-MS02-VCHFcqKmQ'}]",孚新工程,民企,-,-,软件类 测试类 硬件类 VMC AI大模型 机械设计 功能安全 信息安全,苏州,新能源,招满为止,未开始,公告,2026届,秋招,2025-09-04,投递
"[{'text': '投递', 'href': 'https://app.mokahr.com/campus-recruitment/swhysc-job/140752?locale=zh-CN#/'}, {'text': '公告', 'href': 'https://mp.weixin.qq.com/s/dU9mZ0wDZaEH5w8mJMI1IA'}]",申万宏源证券,央国企,-,-,投资银行 投资交易 资产管理 财富管理 机构业务 金融科技 合规风控 财务运营 党群职能 分支机构财富顾问岗  需求专业为：经济金融、财会管理、信息技术、数理统计、理工类、 法律类等相关专业(详见岗位要求);复合专业背景优先,"北京,上海,长沙,广州,深圳,成都,全国","银行/金融,国企",2025-10-19,未开始,公告,2026届,秋招,2025-09-04,投递
"[{'text': '投递', 'href': 'https://sunda.gllue.com/portal/portall'}, {'text': '公告', 'href': 'https://mp.weixin.qq.com/s/MiqBrqIvNoANb8wu8oJVvw'}]",森大集团,民企,-,-,快消销售储备 五金销售储备 计划储备 采购储备 仓储储备 运输储备 国内船务储备 财务储备 融资储备 审计储备 公关储备 环境安全储备 品质安全储备 快消生产管理储备 进出口储备 HRBP储备 行政储备,"全国,海外",其他,2026-06-30,未开始,公告,2026届,秋招,2025-09-04,投递
"[{'text': '投递', 'href': 'https://job.cscec8b.com.cn/recruitment/job/detail/id/2677/'}, {'text': '公告', 'href': 'http://mp.weixin.qq.com/s?__biz=MzIzNjE2OTUwNA==&mid=2649801690&idx=1&sn=f02d26c396f5ebe2fc03a15287236b69&chksm=f0df9395c7a81a83b1ffea0b9e2e1347a3e9f3952e07cbccecd3ef8c9723a23daa6b3f0035b4#rd'}]",中建八局四公司,央国企,-,-,道桥类 港口航道与海岸工程 石油化工类 交通类 市政类 水利水电类 环境工程类 土木工程 工程管理 给排水科学与工程 电气工程及其自动化 安全工程 机械类 材料类 中国语言文学类 新闻传播学类 法学类 马克思主义类 财务管理 会计学 系统研发 智能控制 算法编程 智能建造 地下空间 基础建材,全国,地产/建筑,招满为止,未开始,公告,2026届,秋招,2025-09-04,投递
"[{'text': '投递', 'href': 'https://recruit.cscec.com/recruit#/portal_job_list?job_class=campus&company_id=1873&contract_unit=32042985'}, {'text': '公告', 'href': 'https://mp.weixin.qq.com/s/8myiS2Mq9If8bKEFhH4xCQ'}]",中建市政,央国企,-,-,道路桥梁与隧道工程 土木工程 交通运输 公路与城市道路工程 铁道工程 城市地下空间工程 市政工程 水利水电工程 岩土工程 结构工程 工程造价 工程管理 给排水工程 电气工程及其自动化 建筑环境与能源应用工程 测绘工程 安全工程 金融学 会计学 经济学 财务管理 工商管理 人力资源管理 行政管理 公共管理 法学,全国,国企,招满为止,未开始,公告,2026届,秋招,2025-09-04,投递
"[{'text': '投递', 'href': 'http://mehire.51job.com/recommend/index.php?cid=2775372&did=1&sign=965e05efa3cc9373&pagecode=16&eventcode=2'}, {'text': '公告', 'href': 'https://mp.weixin.qq.com/s/eJlPRXFH1oEdTNmc_BmKlg'}]",金山电子,民企,-,-,（助理）电子工程师 （助理）软件工程师 （助理）机械工程师 销售工程师,深圳,"其他,科技",招满为止,未开始,公告,"2025届,2026届",秋招,2025-09-04,投递
"[{'text': '投递', 'href': 'https://jobs.xkw.com/schoolrecruit/'}, {'text': '公告', 'href': 'https://mp.weixin.qq.com/s/D55cNaY2XT3dmPlO1R7bZw'}]",学科网,民企,-,-,技术类 产品类 运营类 教研类 职能类,北京,"互联网,教育",2025-10-31,未开始,公告,2026届,秋招,2025-09-04,投递
"[{'text': '投递', 'href': 'https://campus.cestc.cn/campus-recruitment/cestc/102244/#/jobs'}, {'text': '公告', 'href': 'https://mp.weixin.qq.com/s/LcCJc9aSr1bseY1Q0G1AYQ'}]",中国电子云,央国企,-,-,算法工程师 后端开发工程师 前端开发工程师 软件测试工程师 产品经理 交互设计师,北京,"国企,科技",2025-10-31,未开始,公告,2026届,秋招,2025-09-04,投递
"[{'text': '投递', 'href': 'https://mp.weixin.qq.com/s/HwYBBVZOqDciDkHY3a9A7g?scene=1&click_id=34'}, {'text': '公告', 'href': 'https://mp.weixin.qq.com/s/HwYBBVZOqDciDkHY3a9A7g?scene=1&click_id=34'}]",中交三航局,央国企,-,-,未告知岗位，需求专业为：土木工程 管理科学 与工程类 地理科学类 地质类 矿业类 安全科学 与工程类 机械类 交通运输类 测绘类 水利类 海洋工程类 市政类 电气与 自动化类 材料类 建筑类 生态环保类 能源动力类 计算机与 电子信息类 投资金融类 经济类 工商管理类 中文 新闻传播类 财务会计类 法学类 外国语类 数学统计类 财政学类,"上海,南京,南通,连云港,宁波,株洲,重庆",国企,招满为止,未开始,公告,2026届,秋招,2025-09-04,投递
"[{'text': '投递', 'href': 'https://wj.qq.com/s2/23495611/7wb7/'}, {'text': '公告', 'href': 'https://mp.weixin.qq.com/s/O1SwM4Ik5f__tFwkbp-o-Q'}]",元琛科技,民企,-,-,新材料研发工程师 催化剂研发工程师 技术管培生 AI算法工程师 电气工程师 国内营销管培生 国际营销管培生 开发工程师 市场推广 生产运营管培生 职能岗 退役军人专项 投资助理,合肥,科技,招满为止,未开始,公告,2026届,秋招,2025-09-04,投递
"[{'text': '投递', 'href': 'https://skhb3.zhiye.com/campus/jobs'}, {'text': '公告', 'href': 'https://mp.weixin.qq.com/s/N0LjYBjfkkEbn9TfcXt4Rw'}]",科华生物,民企,-,-,售后工程师 商务运营岗 产品经理 运营专员 质谱售后工程师 销售经理 销售助理 产品需求工程师 行政岗 项目专员 系统工程师 临床注册岗 研发工程师（分子方向） 研发工程师（免疫方向） 软件工程师 算法工程师 工艺工程师 设备维修工程师 研发工艺师 原料研发工程师 QC工程师 业务经理 技术工程师 IT运维专员,"上海,深圳,西安,全国",生物医药,招满为止,未开始,公告,2026届,秋招,2025-09-04,投递
"[{'text': '投递', 'href': 'https://tcnkde5l1nsy.feishu.cn/share/base/form/shrcnoF1zgCcFqQCaXplmOwAOcc?share_link_type=qrcode&ccm_open_type=form_v1_qrcode_share'}, {'text': '公告', 'href': 'https://mp.weixin.qq.com/s/RbPH32dXbcpeB-ryPpi1lg'}]",卡本科技,民企,-,-,管培生,"北京,天津",科技,招满为止,未开始,公告,2026届,秋招,2025-09-04,投递
"[{'text': '投递', 'href': 'https://tengen.zhiye.com/campus/jobs'}, {'text': '公告', 'href': 'https://mp.weixin.qq.com/s/CGUwnVokhl9HRc9pB9FoNA'}]",天正电气,民企,-,-,营销管培生 海外销售工程师 销售运营管培生 技术研发工程师 电力电子软/硬件工程师 嵌入式软/硬件工程师 产品工程师 售前技术工程师 项目经理 生产储备干部 IE工程师 质量工程师 采购工程师 物流专员 人力资源管培生 财务管培生,"北京,上海,温州,嘉兴,全国",其他,招满为止,未开始,公告,2026届,秋招,2025-09-04,投递
"[{'text': '投递', 'href': 'http://mp.weixin.qq.com/s?__biz=MzA3NjgzNDYyNg==&mid=2650074350&idx=1&sn=d016a55589d23ef145b8aea2fc20b208&chksm=875b7ec3b02cf7d5fda0e86fca49fe4d1672a7aea7866fc6f435370420e6e966e1244777593c#rd'}, {'text': '公告', 'href': 'http://mp.weixin.qq.com/s?__biz=MzA3NjgzNDYyNg==&mid=2650074350&idx=1&sn=d016a55589d23ef145b8aea2fc20b208&chksm=875b7ec3b02cf7d5fda0e86fca49fe4d1672a7aea7866fc6f435370420e6e966e1244777593c#rd'}]",河北邮政,央国企,-,-,金融柜员岗 理财经理岗 寄递营业部经理岗 客户经理岗,"石家庄,唐山,秦皇岛,邯郸,邢台,保定,张家口,承德,沧州,廊坊,衡水",国企,2025-10-31,未开始,公告,"2026届,2025届",秋招,2025-09-04,投递
"[{'text': '投递', 'href': 'https://avicasri.zhiye.com/campus/jobs'}, {'text': '公告', 'href': 'https://mp.weixin.qq.com/s/U7Iqty71dtSzJGKnUworww'}]",中国飞机强度研究所,央国企,-,-,强度试验设计岗 测控技术研究岗 结构动力学研究 软件/系统开发岗 嵌入式开发 电气自动化 飞机气候环境适应性研究岗 机电液系统设计 声学仿真计算 结构健康监测 液压系统设计 计量岗 强度试验设计岗（上海岗） 测控技术研究岗（上海岗） 新闻宣传岗 工会干事 团委干事 质量管理岗 测控产品开发岗（上海岗）,"上海,西安",国企,招满为止,未开始,公告,2026届,秋招,2025-09-04,投递
"[{'text': '投递', 'href': 'http://campus.51job.com/techen2025/campus.html'}, {'text': '公告', 'href': 'https://mp.weixin.qq.com/s/UaQKKy3zDq8t8CZ_xG8bQw'}]",青岛乾程控股集团有限公司,民企,-,-,硬件工程师 新能源硬件工程师 电气工程师 机械工程师 上位机软件工程师 新能源软件工程师 Java后端工程师 嵌入式软件工程师 测试工程师 产品工程师 海外产品工程师 客户服务经理 销售经理 海外销售经理 投标工程师 销售管理专员 计划工程师 采购工程师 工艺工程师 质量工程师 交付管理工程师 财务管理专员 人力资源专员 行政专员（英语）,"杭州,青岛,西安,全国","科技,新能源,互联网",招满为止,未开始,公告,2026届,秋招,2025-09-04,投递
"[{'text': '投递', 'href': 'https://app.mokahr.com/social-recruitment/rastar/96228#/jobs/'}, {'text': '公告', 'href': 'http://mp.weixin.qq.com/s?__biz=MzI5NjA1MDQxNw==&mid=2651301151&idx=1&sn=00ce82a5498b3e038bf4bcdf6fe2abb5&chksm=f7b94e81c0cec797bb2737b51a53c20606336dfc53868c9988b88a6da8b451794e2320f3fd2a#rd'}]",星辉游戏,民企,-,-,服务端工程师 iOS开发工程师 测试工程师 WEB前端开发工程师 U3D客户端工程师 UI设计师 视觉设计师 视频设计师 角色原画师 场景原画师 角色模型师 场景模型师 动作设计师 特效设计师 广告创意策划 商业化策划 系统策划（SLG/卡牌） 数值策划（SLG） 游戏运营专员 海外投放专员 广告投放专员 直播运营专员 项目管理专员 证券事务专员 渠道商务负责人 直播运营助理 海外用户运营专员（印尼语） 海外运营专员（日本） 外贸业务员（汕头） 系统策划 数值策划 文案策划 JAVA服务端工程师 PHP开发工程师 C++服务端工程师 客户端工程师 GOLANG开发工程师 运维工程师 美宣原画师 交互设计师 动画设计师 视频编导 国内营销专员 市场分析专员 数据分析专员 渠道运营助理 海外渠道运营助理 海外营销专员（泰语、英语、越南语） 海外用户运营专员（韩语、泰语、印尼语）,"广州,汕头,海外",游戏,招满为止,未开始,公告,"2026届,2027届",秋招,2025-09-04,投递
"[{'text': '投递', 'href': 'https://app.mokahr.com/campus-recruitment/ascenpower/142952?locale=zh-CN#/jobs'}, {'text': '公告', 'href': 'http://mp.weixin.qq.com/s?__biz=MzkyMzI4MDYyNg==&mid=2247486947&idx=1&sn=f294ab5bb33597f3992a28bf1d8dca23&chksm=c1e6387ef691b168bf872779ed938311e86b8e25f0e2520ef05392e6fab7e56e691b1489dbd2#rd'}]",广东芯粤能半导体有限公司,民企,-,-,芯火计划 研发工程师 工艺整合工程师 工艺工程师 设备工程师 制造工程师 CIM工程师,广州,科技,招满为止,未开始,公告,2026届,秋招,2025-09-04,投递
"[{'text': '投递', 'href': 'https://mp.weixin.qq.com/s/Qif_ZKJV3mV6BNGKBDH5Nw'}, {'text': '公告', 'href': 'https://mp.weixin.qq.com/s/Qif_ZKJV3mV6BNGKBDH5Nw'}]",金士达医疗,民企,-,-,销售类 技术类 职能管理类 管培生,"武汉,咸宁",生物医药,招满为止,未开始,公告,"2024届,2025届,2026届",秋招,2025-09-04,投递
"[{'text': '投递', 'href': 'https://xyz.51job.com/External/Apply.aspx?CtmID=7163286'}, {'text': '公告', 'href': 'https://mp.weixin.qq.com/s/xIUL83sVtrDedVJnBLk8bA'}]",中骏集团,民企,-,-,项目管理 物业管理,"北京,天津,上海,苏州,厦门,泉州,南昌,郑州,广州",地产/建筑,招满为止,未开始,公告,2026届,秋招,2025-09-04,投递
"[{'text': '投递', 'href': 'https://wecruit.hotjob.cn/SU62302d64bef57c4972f79a87/mc/position/campus?t=1756952696186'}, {'text': '公告', 'href': 'https://mp.weixin.qq.com/s/RJAMeDkXRumoptUIzpZ3gg'}]",安图生物,民企,-,-,试剂研发工程师 试剂研发高级工程师 蛋白研发工程师 蛋白研发高级工程师 化学试剂研发工程师 临床监查员 算法高级工程师 软件工程师 临床医学高级工程师 产品经理 销售工程师 国际产品经理 应用技术专家 国际技术服务工程师,郑州,生物医药,招满为止,未开始,公告,2026届,秋招,2025-09-04,投递
"[{'text': '投递', 'href': 'https://linklaters.apply.cappats.com/Account/Login?ReturnUrl=jobsapply280'}, {'text': '公告', 'href': 'https://mp.weixin.qq.com/s/bcL270A-fnwDMvHPvgyObg'}]",年利达,外企,-,-,实习生,"北京,上海",专业服务,2025-10-12,未开始,公告,"2026届,2027届",秋招,2025-09-04,投递
"[{'text': '投递', 'href': 'http://jhhr.jangho.com:10079/login'}, {'text': '公告', 'href': 'https://mp.weixin.qq.com/s/IR3X3n6p_THeInNJQgMPqg'}]",江河集团,民企,-,-,施工管理（土木工程、工程管理、建筑幕墙） 计划调度（土木工程类、工程管理、建筑幕墙、机械类等专业） 研发设计（土木工程类、建筑幕墙、机械设计制造及其自动化、工程力学、结构工程等专业） 招采管理（土木工程、工程管理、建筑学、机械类等工程类或机械类等专业） 商务管理（工程管理、造价等相关专业） 投标管理（工程管理、工程造价类等专业）,"全国,广州,深圳,香港,澳门,海外","生物医药,地产/建筑",招满为止,未开始,公告,2026届,秋招,2025-09-04,投递
"[{'text': '投递', 'href': 'https://mp.weixin.qq.com/s/f4iKPE-qwpsLp6vgAh4Kow'}, {'text': '公告', 'href': 'https://mp.weixin.qq.com/s/f4iKPE-qwpsLp6vgAh4Kow'}]",爱笛卡,民企,-,-,小学教师 初中教师 竞赛教练,青岛,教育,招满为止,未开始,公告,"2024届,2025届,2026届",秋招,2025-09-04,投递
"[{'text': '投递', 'href': 'https://mp.weixin.qq.com/s/LmboauTpUN07M9g1A9v42w'}, {'text': '公告', 'href': 'https://mp.weixin.qq.com/s/LmboauTpUN07M9g1A9v42w'}]",杰科数码,民企,-,-,软件研发 硬件研发 NPI新产品导入 采购,"武汉,湘潭,广州,桂林","科技,其他",招满为止,未开始,公告,2026届,秋招,2025-09-04,投递
"[{'text': '投递', 'href': 'https://wecruit.hotjob.cn/SU6286556c2f9d246627874843/pb/school.html'}, {'text': '公告', 'href': 'https://mp.weixin.qq.com/s/RvAYYqWwBVTgQZZS_4BuBA'}]",怀柔实验室,事业单位,-,-,招聘方向：风电光伏 氢能技术 灵活发电 煤转化 碳捕集与封存 新型电力系统 装备与器件 油气勘探开发（招聘专业：数学/物理学/化学/海洋科学/地球物理学/ 地质学/统计学/气象/力学/机械工程/仪器科学 与技术/材料科学与工程/动力工程及工程热物 理/电气工程/电子科学与技术/控制科学与工 程/计算机科学与技术/土木工程/水利工程/化 学工程与技术/地质资源与地质工程/矿业工程 /石油与天然气工程/船舶与海洋工程/环境科 学与工程/软件工程/电子信息/能源动力等）,"北京,太原,乌鲁木齐",事业单位,招满为止,未开始,公告,"2026届,部分往届",秋招,2025-09-04,投递
"[{'text': '投递', 'href': 'https://mp.weixin.qq.com/s/I-fR3v7iGHp7BiYbONyaoA'}, {'text': '公告', 'href': 'https://mp.weixin.qq.com/s/I-fR3v7iGHp7BiYbONyaoA'}]",东岳集团,民企,-,-,高级研发工程师（化学、化工、高分子材料相关专业） 工艺工程师（化学、化工、高分子材料相关专业） 营销/市场服务（化学、化工、高分子材料相关专业） 研发工程师（化学、化工、高分子材料相关专业） 技术工程师（化学、化工、高分子材料相关专业） 机电仪工程师（自动化、电气、机械等 相关专业） 能源管理工程师（能源、动力 相关专业） 水处理工程师（环境、给排水 相关专业）,淄博,其他,招满为止,未开始,公告,2026届,秋招,2025-09-04,投递
"[{'text': '投递', 'href': 'https://zp.czbank.com.cn/zpweb/planController/gotoIndex.mvc?pageType=1'}, {'text': '公告', 'href': 'https://mp.weixin.qq.com/s/4T0srIo3nvJOC0-T2LqEmQ'}]",浙商银行,银行,-,-,总行常规岗位 总行定向派驻岗位 分行培训生 客户经理 柜员 运营培训生 营销培训生 金融科技生 管理培训生 本级及同城支行管 本级及同城支行客 产品经理,"北京,天津,太原,呼和浩特,沈阳,上海,南京,无锡,徐州,常州,苏州,南通,连云港,淮安,盐城,扬州,镇江,泰州,杭州,宁波,温州,嘉兴,湖州,绍兴,金华,衢州,舟山,台州,丽水,合肥,南昌,济南,青岛,郑州,武汉,长沙,广州,深圳,珠海,佛山,江门,惠州,东莞,重庆,成都,贵阳,西安,咸阳,兰州,酒泉",银行/金融,2025-10-16,未开始,公告,"2026届,2025届,4",秋招,2025-09-04,投递
"[{'text': '投递', 'href': 'https://job.cscec8b.com.cn/recruitment/job/detail/id/2696/'}, {'text': '公告', 'href': 'https://mp.weixin.qq.com/s/shEaLGPGCya_nGwGgMXgUw'}]",上海中建海外发展有限公司,央国企,-,-,未告知岗位，需求专业：  土木工程类：土木工程、工程力学、工程管理、工程造价、材料科学、安全工程、测绘工程等      基础设施类：道路桥梁与渡河工程、公路工程、交通工程、城市地下空间工程、水利水电工程等      建筑设计类：建筑学、城乡规划、风景园林、环境艺术设计、装饰艺术设计等      机电安装类：电气工程及其自动化、建筑电气与智能化、给排水科学与工程、建筑环境与能源应用工程、环境工程等      职能管理类：中文、行政、新闻传播、法学、会计学、税收管理、财务管理等,"上海,海外",国企,招满为止,未开始,公告,2026届,秋招,2025-09-04,投递
"[{'text': '投递', 'href': 'https://mp.weixin.qq.com/s/wzoM89HuP_CvH9Axxvm6gA'}, {'text': '公告', 'href': 'https://mp.weixin.qq.com/s/wzoM89HuP_CvH9Axxvm6gA'}]",久立集团,民企,-,-,研发类 技术类 市场类 海外储备（需求学科 管理学 机械工程 金属材料 电气工程 经济学 材料科学 冶金工程 仪器仪表技术）,湖州,其他,招满为止,未开始,公告,2026届,秋招,2025-09-04,投递
"[{'text': '投递', 'href': 'https://chec.zhiye.com/'}, {'text': '公告', 'href': 'https://mp.weixin.qq.com/s/K6kWtQwz6Kp5-obrty3_yw'}]",长江电子,央国企,-,-,硬件开发工程师 软件设计师 硬件工程师 结构设计师 伺服系统设计师 传动系统设计师 工艺设计师 质量工程师 体系管理员 供应链管理工程师 采购工程师（招聘专业： 电子信息工程 电子科学与技术 信息与通信工程 计算机科学与技术 控制工程 软件工程 通信工程 应用电子技术 微电子科学与工程 机械设计制造 及其自动化 机械工程 自动化等相关专业）,南京,国企,招满为止,未开始,公告,2025届,秋招,2025-09-04,投递
"[{'text': '投递', 'href': 'https://mp.weixin.qq.com/s/03CFxJzTYF8qjGpwgHmWIQ'}, {'text': '公告', 'href': 'https://mp.weixin.qq.com/s/03CFxJzTYF8qjGpwgHmWIQ'}]",华南新材料创新园,事业单位,-,-,管培生：产业运营（新材料方向） 产业运营（生物医药方向） 企业服务 / 园区管家,广州,科技,招满为止,未开始,公告,2026届,秋招,2025-09-04,投递
"[{'text': '投递', 'href': 'https://mp.weixin.qq.com/s/bJ2cZfrUOwMdDHQVeNAcyA'}, {'text': '公告', 'href': 'https://mp.weixin.qq.com/s/bJ2cZfrUOwMdDHQVeNAcyA'}]",捷普,外企,-,-,Linux环境C语言开发工程师 Windows环境C++开发工程师 Java开发工程师 AI安全产品开发工程师 安全研究员（开发方向） 测试工程师 售前工程师 测评工程师 渗透测试工程师 密码技术工程师 安全研究员（安全评估方向） 计划行政经理 商务经理,西安,"其他,外企",招满为止,未开始,公告,2026届,秋招,2025-09-04,投递
"[{'text': '投递', 'href': 'https://jobs.hisense.com/'}, {'text': '公告', 'href': 'https://mp.weixin.qq.com/s/Ir1iyQX_padG8WR0OXBfZA'}]",信芯微,民企,-,-,软件算法类 硬件研发类 光学及显示类 芯片类 结构类 材料类 仿真研发类 暖通制冷类 技术工艺类 技术类 测试类 设计类 营销类 运营类 人力资源类 财经金融类 行政类 其他管理类 质量类 制造工艺类 安全类 生产制造类 供应链管理类,"北京,天津,上海,青岛,佛山,江门,重庆,全国,香港","其他,科技",招满为止,未开始,公告,2026届,秋招,2025-09-04,投递
"[{'text': '投递', 'href': 'https://wecruit.hotjob.cn/SU6491506a2f9d24316e91b81b/mc/position/campus?projectCode=308101&orgCode=041287&showProjectBanner=true'}, {'text': '公告', 'href': 'https://mp.weixin.qq.com/s/EcSakkRz1GYxYBF9Yrt9JQ'}]",tcl实业,民企,-,-,研发技术类 产品设计类 营销类 智能制造类 供应链类 财务金融类 综合管理类,"九江,武汉,广州,深圳,中山","其他,科技",招满为止,未开始,公告,2026届,秋招,2025-09-04,投递
"[{'text': '投递', 'href': 'https://mp.weixin.qq.com/s/lmzG3VY91xr90P1AFp-oqA'}, {'text': '公告', 'href': 'https://mp.weixin.qq.com/s/lmzG3VY91xr90P1AFp-oqA'}]",深水咨询,民企,-,-,工程监理 工程造价 工程技术咨询 水务市政设施管养 环保设施运营 技术研发（招聘专业 水利水电工程、给排水科学与工程、市政工程、土木工程、道路与桥 梁、地质岩土、工程管理、环境工程、风景园林、电气工程及其自动 化、机电工程、工程造价）,深圳,"专业服务,国企",招满为止,未开始,公告,2026届,秋招,2025-09-04,投递
"[{'text': '投递', 'href': 'https://mp.weixin.qq.com/s/TLffOQc36PVY3qPMtZrydw'}, {'text': '公告', 'href': 'https://mp.weixin.qq.com/s/TLffOQc36PVY3qPMtZrydw'}]",纳睿雷达,民企,-,-,雷达系统设计工程师 雷达信号处理算法工程师 芯片算法工程师 气象算法工程师 目标算法工程师 数据算法工程师 数值模式工程师 天线工程师 FPGA开发工程师 IC设计工程师 射频工程师 硬件工程师 自动化工程师 嵌入式软件工程师 C++开发工程师 Java开发工程师 Web前端开发工程师 气象工程师 目标工程师 水文应用工程师 产品经理 机械工程师 仿真工程师 研发测试工程师,珠海,其他,招满为止,未开始,公告,,秋招,2025-09-04,投递
"[{'text': '投递', 'href': 'http://hrm-out.hzcctech.com:8083/RedseaPlatform/zhaopin/zpChannelQrCode/a3c82653-df31-47ea-8561-b634675cc88c/officeWebsite.mob'}, {'text': '公告', 'href': 'https://mp.weixin.qq.com/s/7w9ejbK-0JVnI_gkrrfCYQ'}]",长川科技,民企,-,-,算法开发类精密运动控制、计算物 理算法、深度学习算法 硬件开发类 FPGA、硬件、射频、 电气、layout、光学、产品 软件开发类 驱动、软件、自动化软 件、视觉软件 测试类硬件测试、软件测试 机械类 机械、传热、制冷 CFD、EMC仿真、 SI仿真 仿真类  应用开发类 应用开发、 视觉应用开发 技术支持类 售后服务、实验室运维 质量管理类 成品/出厂检验、 客户/过程质量管理 供应链类 采购、计划、工艺、调 试、组装....,"北京,哈尔滨,上海,南京,苏州,杭州,合肥,厦门,深圳,成都,内江",科技,招满为止,未开始,公告,2026届,秋招,2025-09-04,投递
"[{'text': '投递', 'href': 'https://mp.weixin.qq.com/s/gA7SdVoJTwAIXkb70tw8Eg'}, {'text': '公告', 'href': 'https://mp.weixin.qq.com/s/gA7SdVoJTwAIXkb70tw8Eg'}]",凯普索,外企,-,-,业务工程师（专业不限） 研发工程师（化学工程与工艺等相关专业） 工艺工程师（化学工程与工艺等相关专业） 安调工程师（机械工程、能源动力等工科专业） 电仪工程师（测控技术与仪器、自动化、电气工程等相关专业） 自控工程师（控制工程、电气自动化、系统工程等相关专业） 人事专员（人力资源、工商管理等相关专业） 管培生（专业不限）,南京,科技,招满为止,,公告,,秋招,2025-09-04,投递
"[{'text': '投递', 'href': 'http://mp.weixin.qq.com/s/vUa45xa7oVQ8z1TQeaTKYw'}, {'text': '公告', 'href': 'http://mp.weixin.qq.com/s/vUa45xa7oVQ8z1TQeaTKYw'}]",进阶思维,民企,-,-,科学素养教师(小学/初中) 国际素养教师 高中学科教师(数学/物理) 数学竞赛教练(年薪30W+),成都,教育,招满为止,未开始,公告,"2024届,2025届,2026届,2023届",秋招,2025-09-04,投递
"[{'text': '投递', 'href': 'http://mp.weixin.qq.com/s?__biz=MzUzMjY5Mzc4Mw==&mid=2247484440&idx=1&sn=a3ec345a26571e742ce3c1a5ce2386c9&chksm=faae1260cdd99b76b66d152a53831e11434aab0a273b85836ec8636588c8697e29a569872e1a#rd'}, {'text': '公告', 'href': 'http://mp.weixin.qq.com/s?__biz=MzUzMjY5Mzc4Mw==&mid=2247484440&idx=1&sn=a3ec345a26571e742ce3c1a5ce2386c9&chksm=faae1260cdd99b76b66d152a53831e11434aab0a273b85836ec8636588c8697e29a569872e1a#rd'}]",校宝在线,民企,-,-,.NET开发 前端开发 软件测试 技术支持 新媒体运营 私域运营 销售 客户助理 商务助理,杭州,"互联网,教育",2025-10-15,未开始,公告,2026届,秋招,2025-09-04,投递
"[{'text': '投递', 'href': 'https://ltryy.iguopin.com/job'}, {'text': '公告', 'href': 'http://mp.weixin.qq.com/s/azX20wL4zDxTR82EbMd6eA'}]",中国联通软件研究院,央国企,-,-,软件研发岗(信息安全方向) 大数据开发 人工智能研发岗 软件研发岗(人工智能) 软件研发岗(大数据) 软件研发工程师 人工智能工程师(专业需求为：计算机 电子信息 人工智能 大数据 软件工程 信息安全 应用统计 控制科学等),"北京,哈尔滨,南京,济南,广州,西安",国企,招满为止,未开始,公告,2026届,秋招,2025-09-04,投递
"[{'text': '投递', 'href': 'https://app.mokahr.com/campus-recruitment/hanscnc'}, {'text': '公告', 'href': 'https://mp.weixin.qq.com/s/Rp_dEkmi8tsygO6MrcYANg'}]",大族数控,民企,-,-,供应链类 研发类 职能类 营销类,"上海,深圳",科技,招满为止,未开始,公告,2026届,秋招,2025-09-04,投递
"[{'text': '投递', 'href': 'https://mp.weixin.qq.com/s/mkOraG3XEGhPIuE4-dCklw'}, {'text': '公告', 'href': 'https://mp.weixin.qq.com/s/mkOraG3XEGhPIuE4-dCklw'}]",联邦制药,民企,-,-,医学专员，临床药理研究员，CRA-Ⅰ，客服，合同管理员，内容运营专员，短视频商务专员，直播商务专员，视频编导专员，研发设计（结构）工程师，工艺工程师，注塑技术员，设备维护工程师，质检员，药品研发，市场专员（国际医药业务），设备技术员（制药方向），注册专员，质管员 (现场 / 文件)，QA，QC，生产储备干部，销售内勤，出纳,"宁波,南阳,广州,中山",生物医药,招满为止,未开始,公告,2026届,秋招,2025-09-04,投递
"[{'text': '投递', 'href': 'http://mp.weixin.qq.com/s?__biz=MjM5NDQ1MzE5Ng==&mid=2650334446&idx=3&sn=8152d0babc26cfde2b83f18bf845710b&chksm=be8bc74d89fc4e5b4d05bee4ed4d4c8f712632be854245a1d944faa0ceeca3e8e8ea6e68a3a6#rd'}, {'text': '公告', 'href': 'http://mp.weixin.qq.com/s?__biz=MjM5NDQ1MzE5Ng==&mid=2650334446&idx=3&sn=8152d0babc26cfde2b83f18bf845710b&chksm=be8bc74d89fc4e5b4d05bee4ed4d4c8f712632be854245a1d944faa0ceeca3e8e8ea6e68a3a6#rd'}]",中力,民企,-,-,技术研发类 机械工程师 AGV开发类 电机控制软件工程师 算法工程师(AI大模型方向) 算法工程师(机器人运动控制方向) 商业先锋类 销售工程师（相关专业：机械工程、车辆工程、机械电子工程、电气工程及其自动化、自动化、电子信息工程、智能装备与系统、市场营销、工商管理、计算机科学与技术、人工智能、数据科学与大数据技术、智能科学与技术、机器人工程......）,"靖江,杭州,襄阳,郑州",其他,招满为止,未开始,公告,2026届,秋招,2025-09-04,投递
"[{'text': '投递', 'href': 'https://hr.4399om.com/weixin/?r=job/agent&jobTableType=1'}, {'text': '公告', 'href': 'http://mp.weixin.qq.com/s/SgUYX93aB3R4kXKNAtmL1A'}]",4399游戏,民企,-,-,AI算法工程师 广告创意策划 运营中心-储备干部 产品培训生 游戏文案策划 人力资源管培生 视觉设计师 组织运营储备生 经营管理储备生 总经办助理,广州,游戏,招满为止,未开始,公告,2026届,秋招,2025-09-04,投递
"[{'text': '投递', 'href': 'https://job.cscec8b.com.cn/recruitment/job/detail/id/2660'}, {'text': '公告', 'href': 'http://mp.weixin.qq.com/s?__biz=MzU4NzMwNTIzNw==&mid=2247574362&idx=2&sn=2fe66ddc2da565737723462977fba7cc&chksm=fdedfb20ca9a7236dcdda21a68522270523cc14fd74c68a0306de6f9a2dcfe9eea333e6cece5#rd'}]",中建八局轨道公司,央国企,-,-,未告知岗位，专业要求：  1.基础设施类：土木工程、工程管理、工程造价、道路与桥梁工程、轨道交通工程、岩土工程、市政工程、城市地下空间工程、公路工程、安全工程、测绘工程、无机非金属材料、材料工程、机械设计与制造、水利水电工程等；  2.机电安装类：电气工程与自动化、给排水科学与工程、建筑环境及能源应用工程、建筑电气与智能化等  3.职能管理类：人力资源管理、行政管理、中文、汉语言文学、新闻学、工商管理等  4.财务管理类：会计学、财务管理、税务、审计学等,"北京,天津,吉林,上海,重庆,全国",国企,招满为止,未开始,公告,2026届,秋招,2025-09-04,投递
"[{'text': '投递', 'href': 'https://xyz.51job.com/consumer/pc/home/index?ctmid=8912309'}, {'text': '公告', 'href': 'http://mp.weixin.qq.com/s?__biz=Mzg4OTY5Mjc3Mw==&mid=2247514623&idx=4&sn=6ce4c64e380b59ced2300f998c2782de&chksm=ce61c9db018e7cc83d744c36daf787b4dc308cbd52ea814f6d39ec568cc01ca17a9665441ad5&scene=0#rd'}]",中国能建国际集团,央国企,-,-,技术管理岗 商务合同管理岗 财务管理岗 法务管理岗 人力资源管理岗 信息化建设岗(需求专业：能源动力工程 储能科学与工程 新能源科学与工程 电气工程及其自动化 环境工程 工程造价 工程管理 管理科学与工程 国际经济与贸易 电子信息工程 计算机科学与技术 劳动与社会保障 人力资源管理 法学 经济法 民商法 国际法),"北京,海外",国企,招满为止,未开始,公告,2026届,秋招,2025-09-04,投递
"[{'text': '投递', 'href': 'https://cncec.iguopin.com/job'}, {'text': '公告', 'href': 'https://mp.weixin.qq.com/s/RrCr3WkAtQzUak7Tf94OMA'}]",中国化学工程第十一建设有限公司,央国企,-,-,安装技术岗 土建技术岗 仪电技术岗 安全管理岗 工程造价岗 设材管理岗 财务管理岗 人力资源岗 法务岗 党务岗 翻译岗(专业需求为：化学工程与工艺、化工设备与机械、机械设计制造、 过程装备与控制工程、材料成型与控制工程、 焊接工程与技术、工程力学等 土木工程、建筑工程、市政工程、工程管理、 测绘工程、结构工程、建筑学、给排水工程等 电气工程及其自动化、自动化、测控技术等 安全管理(工程)、安全科学与工程等 工程造价、工程管理等相关专业 物流工程、材料科学工程、物流管理、供应链管理等 会计学、财务管理等 人力资源管理、劳动与社会保障等 法学、法律等专业 马克思主义理论、思想政治教育、汉语言文学等 英语、俄语、阿拉伯语、葡萄牙语等),"全国,海外",国企,招满为止,未开始,公告,2026届,秋招,2025-09-04,投递
"[{'text': '投递', 'href': 'https://cncec.iguopin.com/job'}, {'text': '公告', 'href': 'https://mp.weixin.qq.com/s/nH16QKNJGoJ0jWaMdxGI3A'}]",中国化学土木公司,央国企,-,-,企业法务岗 审计管理岗 物资管理岗 综合管理岗 工程测绘岗 成本管理岗 英语翻译岗 财务管理岗,"南京,苏州,海外,泉州,台州","国企,地产/建筑",招满为止,未开始,公告,2026届,秋招,2025-09-04,投递
"[{'text': '投递', 'href': 'https://picc.zhiye.com/custom/kjxy?hideAll=true'}, {'text': '公告', 'href': 'http://mp.weixin.qq.com/s/-Csw66HWxQlTktEvN-7GSg'}]",中国人保,央国企,-,-,咨询投诉岗 质量管理岗 IT运维岗 咨询岗 95518客服岗 运行支持岗 运行支持岗 数据平台建设岗 运行支持岗 运行支持岗 运维管理岗 软件开发岗 运行支持岗 人工智能算法研发工程师 后端开发岗 软件开发工程师 薪酬绩效岗 出纳岗 人员管理岗,"北京,石家庄,上海,合肥,佛山,成都","国企,银行/金融",招满为止,未开始,公告,2026届,秋招,2025-09-04,投递
"[{'text': '投递', 'href': 'http://47.96.146.209:8111/zhaopin.php'}, {'text': '公告', 'href': 'http://mp.weixin.qq.com/s?__biz=MzI4NDQ1NjU3Mw==&mid=2247523439&idx=1&sn=9223312f8f387891c1077c4445e9d5ef&chksm=ebf9ff7ddc8e766bfc1bf35dbe7f22cad5b212b33b0b7cdf68779dce258d145ab01886936baa#rd'}]",浙江省发展规划研究院,事业单位,-,-,大型企业发展与改革研究 开放经济研究 经济形势分析 发展规划编制与理论研究 重大平台及重大项目研究 海洋经济战略规划研究 城市群与都市圈研究 区域经济与产业研究 城乡融合、新型城镇化和乡村振兴战略与省域实践研究 城市更新与片区开发研究 城乡规划技术应用与研究 现代物流与供应链管理咨询研究 低空经济研究 轨道交通咨询研究 港航发展规划咨询研究 项目投融资研究 水利发展规划咨询研究 区域发展与城乡规划咨询研究 集成电路产业研究 人工智能产业研究 高端装备产业研究 创新战略研究 生物医药产业研究 乡村振兴研究 产业平台研究 能源发展咨询研究 碳达峰碳中和咨询研究 生态评价与环境管理咨询研究 循环经济咨询研究 共同富裕咨询研究 人口和公共服务咨询研究 数字文化 综合规划岗 铁路项目咨询管理 党建理论研究与综合管理,杭州,事业单位,2025-11-30,未开始,公告,"2025届,2026届",秋招,2025-09-04,投递
"[{'text': '投递', 'href': 'https://sast.m.zhiye.com/job.html?pi=1&ps=1000&jc=2&c1=1_8&ky=&c=&c2=-1'}, {'text': '公告', 'href': 'https://mp.weixin.qq.com/s/hQA-tJjLrtLtxSNcBSAPqA'}]",中国航天科技集团第八研究院第八〇二研究所,事业单位,-,-,未提及具体岗位，需求专业 ：信息与通信工程、电子科学与技术、控制科学与工程、仪器科学与技术、兵器科学与技术、集成电路、人工智能、机械工程、电子封装技术、材料加工技术、航空宇航科学与技术、光学工程、电气工程、大数据、云计算、计算机科学与技术等相关专业,上海,事业单位,招满为止,未开始,公告,2026届,秋招,2025-09-04,投递
"[{'text': '投递', 'href': 'http://mp.weixin.qq.com/s/-TBaImnqoONrMBqvsBKN-g'}, {'text': '公告', 'href': 'http://mp.weixin.qq.com/s/-TBaImnqoONrMBqvsBKN-g'}]",哈尔滨博实自动化股份有限公司,民企,-,-,机械工程师 电气工程师 软件工程师 售前技术支持 审计专员,哈尔滨,科技,招满为止,未开始,公告,2026届,秋招,2025-09-04,投递
"[{'text': '投递', 'href': 'https://mp.weixin.qq.com/s/6kDsUGj5V-Akytbx2HXzCA'}, {'text': '公告', 'href': 'https://mp.weixin.qq.com/s/6kDsUGj5V-Akytbx2HXzCA'}]",中航陕飞,央国企,-,-,未告知岗位，所需专业为：人工智能 智能科学与技术 航空宇航科学与技术 飞行器设计与工程 飞行器制造工程 飞行器动力工程 飞行器环境与生命保障工程 飞行器适航技术 飞行器质量与可靠性 力学 机械工程 机械设计制造及其自动化 机械电子工程 智能制造 电磁场与无线技术 控制科学与工程 电气工程及其自动化 电子信息工程 自动化 信息与通信工程 复合材料与工程 材料科学与工程 材料成型及控制工程 计算机科学与技术 软件工程 网络工程 数据科学与大数据技术 网络与信息安全 企业管理 法学 人力资源管理 物流与供应链管理 工业工程,汉中,国企,招满为止,未开始,公告,2026届,秋招,2025-09-04,投递
"[{'text': '投递', 'href': 'https://newland.zhiye.com/campus/jobs?memory=&silence=1'}, {'text': '公告', 'href': 'http://mp.weixin.qq.com/s?__biz=MzA5NjMwMjAxNg==&mid=2650380968&idx=1&sn=ac7ea2da1ae921b93b8047e5d98f1cc0&chksm=88bf1c07bfc895110b6bbbf0f27e95ea92a587ae6665b82dad0fa720e05aa1eda96c208e62a9#rd'}]",新大陆科技集团,民企,-,-,算法 Java Android 嵌入式 数据开发 测试开发 web前端 产品管理 人工智能教学研究员 软件测试 系统运维 研发管培生 C#/X++/.net 硬件开发 电气 自动化 市场营销管培生 生产计划 PE 商务 财务 技术支持 售前 销售工程师 机电系统工程师 海外技术支持,"北京,天津,南京,无锡,杭州,福州,厦门,郑州,广州,南宁,重庆,西安,乌鲁木齐,海外",科技,招满为止,未开始,公告,2026届,秋招,2025-09-04,投递
"[{'text': '投递', 'href': 'https://urovo.zhiye.com/campus/jobs?LocId=id4403label'}, {'text': '公告', 'href': 'https://mp.weixin.qq.com/s/wWWUROgzkIh2YdESP24PwA'}]",深圳市优博讯科技股份有限公司,民企,-,-,"软件开发工程师，项目管理工程师，硬件开发工程师，FAE 技术文员，硬件测试工程师，软件测试工程师，海外商务专员（小语种优先 / 储备销售）, 行业销售助理工程师（国内外）, 海外技术支持工程师（储备销售）, 海外销售工程师，海外销售助理（储备销售）,PQE 工程师，SQE 工程师，ME&IE 工程师，采购工程师，人力资源助理","深圳,珠海",互联网,招满为止,未开始,公告,2026届,秋招,2025-09-04,投递
"[{'text': '投递', 'href': 'https://maker.haier.net/client/campusmobile/researchlist.html?page=1&pagesize=10&pagesource=1&id=47&customized=1&khaos=&ai_recommend=&keyword=&bu=01&fid=9&place=&inviter_code='}, {'text': '公告', 'href': 'http://mp.weixin.qq.com/s/CCcB9q-K2S5VNBoe5Igpng'}]",海尔智家,民企,-,-,智造技术工程师 智造管理工程师（专业要求: 机械类、材料类、自动化类、控制类、电气类、电子类、工程类、计算机技术类、语言类、人工智能类等相关专业优先;）,"天津,沈阳,大连,五大连池,上海,合肥,青岛,莱阳,郑州,武汉,佛山,重庆,遵义","消费,科技",招满为止,未开始,公告,"2026届,4",秋招,2025-09-04,投递
"[{'text': '投递', 'href': 'https://job.cscec8b.com.cn/8bbj'}, {'text': '公告', 'href': 'http://mp.weixin.qq.com/s/CYpb6Jim4vbZG5TKcGvwjQ'}]",中建八局北京公司,央国企,-,-,未提及具体岗位，招聘需求专业：  土木工程类：土木工程、工程力学、工程管理、工程造价、安全工程、机械工程、测绘工程等；  基础设施类：道路桥梁与渡河工程、公路工程、交通工程、城市地下空间工程、水利水电工程、能源与动力工程、新能源科学与工程、可再生能源科学与工程、机械工程及其自动化等；  建筑设计类：建筑学、结构力学等；  机电安装类：电气工程及其自动化、建筑电气与智能化、给排水科学与工程、建筑环境与能源应用工程、环境工程、通信工程等。  数字建造类：计算机科学与技术、网络安全、数据科学与大数据技术、物联网工程、软件工程、机器人工程等；  职能管理类：汉语言文学、新闻学、哲学、法学、人力资源管理、会计学、财务管理、行政管理、工商管理、企业管理等,北京,国企,招满为止,未开始,公告,2026届,秋招,2025-09-04,投递
"[{'text': '投递', 'href': 'https://www.iguopin.com/company?id=10685309758547429'}, {'text': '公告', 'href': 'http://mp.weixin.qq.com/s?__biz=MzUyMTAzODUxMQ==&mid=2247506004&idx=1&sn=fdfed0beb723ca7cdaabf7bc4fc32bf8&chksm=f9e3a794ce942e82293126eb8997e7025556669f0785ddd84fbdf348b2622fb14476849df431#rd'}]",中国航空研究院,央国企,-,-,"职能管理岗  技术研究岗(专业需求为：管理学、经济学、工学等相关专业,覆盖物流管理与工程(含供应链优化)、会计学(含财务分析)、工商管理(含组织管理)、计算机科学与技术(网络安全、信息化方向)、网络空间安全(含保密技术)、公共管理(含体系建设)、航空宇航推进理论与工程、工程热物理、热能工程、动力机械及女工程、流体机械及工程、制冷及低温工程、化工过程机械、飞行器设计、机械设计及理论、机械制造及其自动化、机械电子工程、软件工程、流体力学、计算力学、固体力学、工程力学、控制理论与控制工程、计算数学、电机与电器、电力电子与电力传动、电工理论与新技术等 相关专业)",北京,国企,招满为止,未开始,公告,2026届,秋招,2025-09-04,投递
"[{'text': '投递', 'href': 'https://mp.weixin.qq.com/s/W9-qg8e8TT_y3Q0WH_DiSg'}, {'text': '公告', 'href': 'https://mp.weixin.qq.com/s/W9-qg8e8TT_y3Q0WH_DiSg'}]",中铁十一局,央国企,-,-,工作站博士后勘察设计岗技术管理岗安全管理岗财务管理岗经济管理岗物资设备岗机械设备岗行政管理岗其他专业岗;,全国,建筑地产/市政工程,招满为止,未投递,公告,2026年毕业生,秋招,2025-09-04,投递
"[{'text': '投递', 'href': 'https://infypower.zhiye.com/campus/jobs'}, {'text': '公告', 'href': 'https://mp.weixin.qq.com/s/9EALUsUwy6lCLIa_wmhQag'}]",英飞源技术,民企,-,-,电源硬件工程师 监控硬件工程师设备开发工程师 DSP软件工程师Java开发工程师测试工程师 监控软件工程师电气开发工程师技术支持工程师因内/海外校招供应链管理量管理 采购管理成本管理;,深圳东莞南京重庆珠海,能源/电力,招满为止,未投递,公告,2026年毕业生,秋招,2025-09-04,投递
"[{'text': '投递', 'href': 'https://xy.liepin.com/lskj2026/'}, {'text': '公告', 'href': 'https://mp.weixin.qq.com/s/2E0fRgLk6i67B3tHtHjREg'}]",蓝思科技,民企,-,-,博士生专区工程技术类品质管理类项目管理刺职能管理类生产技术类海外管培生实习生专区;,长沙湘潭东莞泰州海外,电子/半导体,招满为止,未投递,公告,2026年毕业生,秋招,2025-09-04,投递
"[{'text': '投递', 'href': 'https://mp.weixin.qq.com/s/oMHGkfcVqRz6uns68GOPDw'}, {'text': '公告', 'href': 'https://mp.weixin.qq.com/s/oMHGkfcVqRz6uns68GOPDw'}]",艾罗能源,民企,-,-,研发测试类市场营销类生产制造类,北京上海杭州合肥南京武汉长沙成都西綯糍楯銨沕➅慤闻鍰萣覯纨伦哈尔滨天津郑州,能源/电力,招满为止,未投递,公告,2026年毕业生,秋招,2025-09-04,投递
"[{'text': '投递', 'href': 'https://mp.weixin.qq.com/s/FNP_v0w7j9mB6R7AEvWr3g'}, {'text': '公告', 'href': 'https://mp.weixin.qq.com/s/FNP_v0w7j9mB6R7AEvWr3g'}]",航天时代低空科技有限公司,央国企,-,-,电气工程 计算机科学与技术软件工程仪器科学与技术飞行器动力学与控制控制理论与控制工程网络空间安全基础信息与图像处理电子科学与技术航空宇航科学与技术交通运输工程 信息与通信工程 导航制导与控制飞,重庆北京上海杭州,高端装备与国防科技/航空航天,招满为止,未投递,公告,2026年毕业生,秋招,2025-09-04,投递
"[{'text': '投递', 'href': 'https://zofund.zhiye.com/campus'}, {'text': '公告', 'href': 'https://mp.weixin.qq.com/s/qJJ-aa3KhBaBbGLEZJSYiw'}]",中欧基金,民企,-,-,投运类科技类市场类子公司岗位;,北京上海南京杭州,金融/证券,招满为止,未投递,公告,2026年毕业生,秋招,2025-09-04,投递
"[{'text': '投递', 'href': 'https://campushr.hikvision.com/school?schoolType=nozxf'}, {'text': '公告', 'href': 'https://mp.weixin.qq.com/s/5EOnpfx9sWmcGyd3fPe0Vw'}]",海康机器人,央国企,-,-,算法/网络安全/大数据类软件/嵌入式类件/结构类器件电路类国内营销/技术支持类测试/支持类供应链类体验设计类综类,杭州西安北京上海苏州深圳武汉广州天津成都济南沈阳长沙合肥郑州厦门贵阳重庆东莞惠州,智能硬件/机器人,招满为止,未投递,公告,2025和2026年毕业生,秋招,2025-09-04,投递
"[{'text': '投递', 'href': 'https://career.cmbchina.com/positionlist/96574F8D-C7ED-4772-AE7C-BAC896D190C1'}, {'text': '公告', 'href': 'https://mp.weixin.qq.com/s/rwO1pjtZKevsSdJgjT5Ulw'}]",招银理财,央国企,-,-,固收研究岗权益研究岗固收交易岗;,深圳 上海,金融/证券,招满为止,未投递,公告,2026年毕业生,秋招,2025-09-04,投递
"[{'text': '投递', 'href': 'https://mp.weixin.qq.com/s/ltgY-WNQJhiv6TS4GMsXSQ'}, {'text': '公告', 'href': 'https://mp.weixin.qq.com/s/ltgY-WNQJhiv6TS4GMsXSQ'}]",衡钢,央国企,-,-,金属材料类冶金类机械类电类类综合管理类现场操作类设备维修类,湖南衡阳,矿产/钢铁,招满为止,未投递,公告,2026年毕业生,秋招,2025-09-04,投递
"[{'text': '投递', 'href': 'https://app.mokahr.com/campus-recruitment/zjshc/68379#/jobs?page=1&anchorName=jobsList'}, {'text': '公告', 'href': 'https://mp.weixin.qq.com/s/9fwKLWdvd-9Rj4bKx515qA'}]",三花汽零,民企,-,-,研发技术类制造类营销类职能类;,杭州绍兴中山海外,车企/汽车零部件,招满为止,未投递,公告,2026年毕业生,秋招,2025-09-04,投递
"[{'text': '投递', 'href': 'https://mp.weixin.qq.com/s/YBzQ8WIMj5vOS8kkSj2z6A'}, {'text': '公告', 'href': 'https://mp.weixin.qq.com/s/YBzQ8WIMj5vOS8kkSj2z6A'}]",西安航天动力试验技术研究所,事业单位,-,-,试验测试技术岗试验工艺技术岗信息化技术岗技术研发岗;,西安,学术科研/研究所,招满为止,未投递,公告,2026年毕业生,秋招,2025-09-04,投递
"[{'text': '投递', 'href': 'https://app.mokahr.com/campus_apply/nwcdcloud/4047#/'}, {'text': '公告', 'href': 'https://mp.weixin.qq.com/s/mUmTsVf7gBN3Fp31nrw4TQ'}]",西云数据,民企,-,-,亚马逊云技术支持工程师,北京,IT/互联网,招满为止,未投递,公告,2025和2026年毕业生,秋招,2025-09-04,投递
"[{'text': '投递', 'href': 'https://hr.cnnc.com.cn/xiaoyuan2025?k=&d=&c=&p=3-1,'}, {'text': '公告', 'href': 'https://mp.weixin.qq.com/s/wNTbo5qB32Vq2YCBV0hoFQ'}]",中辐院,事业单位,-,-,核工程与核技术、辐射防护、环境、电子信息、药理毒理、生物化学、自动化控制、核电子学、化学化工、机械、材料、安全工程、放射药物、智能装备、放射化学、人工智能相关专业,太原,学术科研/研究所,招满为止,未投递,公告,2026年毕业生,秋招,2025-09-04,投递
"[{'text': '投递', 'href': 'https://mp.weixin.qq.com/s/1Pv2LylxjOtHjX2RaUnTjw'}, {'text': '公告', 'href': 'https://mp.weixin.qq.com/s/1Pv2LylxjOtHjX2RaUnTjw'}]",恒力重工,民企,-,-,研发设计储干、生产/质量储干、行政类专员储干(采购、商务、财务行政、文字)、技术员,大连,机械装备/电气系统,招满为止,未投递,公告,2026年毕业生,秋招,2025-09-04,投递
"[{'text': '投递', 'href': 'https://mp.weixin.qq.com/s/6kDsUGj5V-Akytbx2HXzCA'}, {'text': '公告', 'href': 'https://mp.weixin.qq.com/s/6kDsUGj5V-Akytbx2HXzCA'}]",中航工业陕飞,央国企,-,-,人工智能类航空类机械类电子电气类材料类计算机类管理类;,陕西汉中,高端装备与国防科技,招满为止,未投递,公告,2026年毕业生,秋招,2025-09-04,投递
"[{'text': '投递', 'href': 'https://mp.weixin.qq.com/s/hQA-tJjLrtLtxSNcBSAPqA'}, {'text': '公告', 'href': 'https://mp.weixin.qq.com/s/hQA-tJjLrtLtxSNcBSAPqA'}]",上海航天802所,事业单位,-,-,信息与通信工程、电子科学与技术、控制科学与工程、仪器科学与技术、兵器科学与技术、集成电路、人工智能、机械工程、电子封装技术、材料加工技术、航空宇航科学与技术、光学工程、电气工程、大数据、云计算、计算机,上海,学术科研/研究所,招满为止,未投递,公告,2026年毕业生,秋招,2025-09-04,投递
"[{'text': '投递', 'href': 'https://campus.51job.com/mj2026/about2.html'}, {'text': '公告', 'href': 'https://mp.weixin.qq.com/s/pjsYodOnZFA7ePngPjV_EA'}]",中国航空工业集团机载,央国企,-,-,系统设计N性设计综合管理计划财务集成验证元器件/标材/工艺质量管理人力资源技术研究采购管理适航体系纪检审计,上海,高端装备与国防科技,招满为止,未投递,公告,2026年毕业生,秋招,2025-09-04,投递
"[{'text': '投递', 'href': 'https://mp.weixin.qq.com/s/3FQfjwok27PoBJ3TnNw8GA'}, {'text': '公告', 'href': 'https://mp.weixin.qq.com/s/3FQfjwok27PoBJ3TnNw8GA'}]",华沿机器人,民企,-,-,研发类营销类供应链类职能类:,深圳佛山无锡天津成都上海海外等地,智能硬件/机器人,招满为止,未投递,公告,2026年毕业生,秋招,2025-09-04,投递
"[{'text': '投递', 'href': 'https://kejiajidian.hotjob.cn/'}, {'text': '公告', 'href': 'https://mp.weixin.qq.com/s/NVbIIWX-sU5Hd9_hOVlh1Q'}]",科佳股份,民企,-,-,高级图像算法工程师 图像算法工程师 算法需求工程师;,哈尔滨,IT/互联网,招满为止,未投递,公告,2026年毕业生,秋招,2025-09-03,投递
"[{'text': '投递', 'href': 'https://job.cscec8b.com.cn/8bsdcf'}, {'text': '公告', 'href': 'https://mp.weixin.qq.com/s/RPZbTTeLudh1tMWxTLh7iQ'}]",山东中建城市发展有限公司,央国企,-,-,投资拓展岗金融管理岗招商运营岗工程管理岗商务管理岗财务管理岗法务理岗料研发岗党群管理岗人力资源岗;,山东北京上海南京全国其他,建筑地产/市政工程,招满为止,未投递,公告,2026年毕业生,秋招,2025-09-03,投递
"[{'text': '投递', 'href': 'https://mp.weixin.qq.com/s/cjVUBumPDdZ_RmiuftRS7A'}, {'text': '公告', 'href': 'https://mp.weixin.qq.com/s/cjVUBumPDdZ_RmiuftRS7A'}]",爱生集团,央国企,-,-,飞行器设计机电综合设计飞控与导航设计供电与伺服设计人工智能应用技术设计指挥系统设计数据链设计发动机设计机/电工艺设计软件测试岗 飞行试验岗;,西安北京南京东莞溧阳 婧边等,高端装备与国防科技,招满为止,未投递,公告,2026年毕业生,秋招,2025-09-03,投递
"[{'text': '投递', 'href': 'https://app.mokahr.com/campus-recruitment/bosch/73873?sourceToken=8f13b410ddad139d5dc70badb4b1a34b&sessionid=#/page/2026'}, {'text': '公告', 'href': 'https://mp.weixin.qq.com/s/P1ktC6g8xYaB_zLsg7E69w'}]",博世中国创新与软件开发中心,外企,-,-,辅助驾驶感知软件开发工程师辅助驾驶应用软件功能开发工程师 辅助驾驶规控软件开发工程师 辅助驾驶功能开发工程师 辅助驾驶感知算法工程师 智能座舱AI中间件与平台开发(AIOS)大语言模型工程师Autosar基础,无锡,车企/汽车零部件,招满为止,未投递,公告,2026年毕业生,秋招,2025-09-03,投递
"[{'text': '投递', 'href': 'https://mh.hire66.com/position?secret_key=O8wvS7JBcc'}, {'text': '公告', 'href': 'https://mp.weixin.qq.com/s/95QS_5h6Eja2btGSf6w9oA'}]",稳博投资,民企,-,-,量化研究员量化开发工程师,上海,金融/证券,招满为止,未投递,公告,2026年毕业生,秋招,2025-09-03,投递
"[{'text': '投递', 'href': 'https://urovo.zhiye.com/campus/jobs'}, {'text': '公告', 'href': 'https://mp.weixin.qq.com/s/wWWUROgzkIh2YdESP24PwA'}]",优博讯,民企,-,-,研发体系营销体系供应链系统职能类;,深圳珠海,智能硬件/机器人,招满为止,未投递,公告,2026年毕业生,秋招,2025-09-03,投递
"[{'text': '投递', 'href': 'https://www.focaltech-electronics.com/zh-CN/University/index'}, {'text': '公告', 'href': 'https://mp.weixin.qq.com/s/MeIF-TjnBDbwEcEPPG5OYA'}]",敦泰电子,民企,-,-,模拟IC设计工程师数字IC设计工程师IC验证硬件工程师数字IC验证工程师模拟版图设计工程师 算法工程师 嵌入式软件工程师 硬件工程师 测试工程师;,深圳 合肥,电子/半导体,招满为止,未投递,公告,2026年毕业生,秋招,2025-09-03,投递
"[{'text': '投递', 'href': 'https://campus.51job.com/ccepc/about1.html'}, {'text': '公告', 'href': 'https://mp.weixin.qq.com/s/KWMQqt9JtVpq-keCiIgUqA'}]",中冶南方都市环保,央国企,-,-,研发设计岗技术营销岗(含海外)工程咨询岗,武汉,节能环保/环境检测,招满为止,未投递,公告,2026年毕业生,秋招,2025-09-03,投递
"[{'text': '投递', 'href': 'https://mp.weixin.qq.com/s/_tdhBT56UKIvGHEeC4hlbw'}, {'text': '公告', 'href': 'https://mp.weixin.qq.com/s/_tdhBT56UKIvGHEeC4hlbw'}]",中国航天科工四院,事业单位,-,-,下属各部门岗位，具体见官方公告及投递方式链接,北京南京,学术科研/研究所,招满为止,未投递,公告,2026年毕业生,秋招,2025-09-03,投递
"[{'text': '投递', 'href': 'https://app.mokahr.com/campus-recruitment/ascenpower/142952?locale=zh-CN#/jobs'}, {'text': '公告', 'href': 'https://app.mokahr.com/campus-recruitment/ascenpower/142952?locale=zh-CN#/'}]",芯粤能,民企,-,-,芯火计划 研发工程师 工艺整合工程师工艺工程师 设备工程师制造工程师CIM工程师;,广州,电子/半导体,招满为止,未投递,公告,2026年毕业生,秋招,2025-09-03,投递
